Дата,UserID,Продукт,Количество,Цена
2024-04-21,983,computer,738,26731.4
2024-08-24,991,laptop,100,67258.1
2024-08-07,22,monitor,487,48020.9
2024-01-15,876,laptop,266,15604.8
2024-04-22,967,computer,488,63602.0
2024-03-07,506,mouse,927,48503.5
2024-03-29,101,mouse,683,51444.9
2024-09-08,744,monitor,553,77839.4
2024-09-17,975,monitor,786,38811.0
2024-01-05,49,monitor,81,74260.9
2024-04-16,383,laptop,526,98588.8
2024-04-28,446,mouse,161,31841.9
2024-07-11,503,computer,564,97587.7
2024-03-16,798,monitor,603,32818.4
2024-01-03,152,computer,350,33661.6
2024-06-27,191,monitor,219,90320.7
2024-04-29,961,computer,347,59753.3
2024-02-10,985,computer,366,69705.2
2024-06-20,44,mouse,987,78295.6
2024-09-03,806,monitor,168,50811.8
2024-02-21,51,keyboard,593,11166.6
2024-09-15,455,computer,910,51702.8
2024-06-19,50,computer,939,4927.3
2024-09-27,561,keyboard,103,10139.9
2024-04-23,132,computer,238,39930.8
2024-07-21,30,monitor,233,49320.9
2024-07-24,883,computer,173,40196.0
2024-01-01,462,monitor,811,72483.0
2024-01-31,948,mouse,619,24913.2
2024-05-26,858,laptop,812,81458.4
2024-07-12,622,computer,655,57888.7
2024-01-25,161,monitor,82,57759.8
2024-05-03,454,keyboard,749,83042.9
2024-09-15,946,computer,278,26807.4
2024-07-25,3,computer,506,98461.3
2024-02-11,902,keyboard,934,25253.6
2024-03-28,221,laptop,635,69235.3
2024-03-22,62,monitor,498,87109.7
2024-01-28,809,laptop,874,99800.6
2024-09-07,543,computer,337,32302.3
2024-01-24,110,laptop,946,90389.8
2024-04-22,4,computer,107,89857.6
2024-08-07,499,computer,808,34519.8
2024-02-23,141,computer,59,47415.5
2024-05-05,968,laptop,203,35436.0
2024-05-30,699,monitor,763,24611.6
2024-07-08,686,monitor,951,76726.1
2024-06-27,382,keyboard,272,60716.6
2024-03-05,651,keyboard,184,38389.5
2024-06-07,188,laptop,582,8163.4
2024-09-21,343,keyboard,409,11447.2
2024-05-30,852,mouse,331,65447.0
2024-09-29,347,laptop,751,44017.6
2024-04-24,842,keyboard,995,55148.2
2024-05-03,665,computer,86,96552.7
2024-03-01,995,monitor,978,46963.6
2024-03-13,306,monitor,388,12954.0
2024-09-20,872,computer,68,82578.7
2024-01-11,460,computer,431,53157.4
2024-03-05,983,monitor,149,77423.0
2024-03-01,917,mouse,115,8441.8
2024-07-12,949,mouse,325,20937.6
2024-01-17,94,laptop,798,48677.5
2024-06-18,364,mouse,755,3650.5
2024-02-22,282,monitor,844,65887.3
2024-01-12,150,mouse,854,71121.8
2024-08-19,670,keyboard,674,92097.3
2024-03-04,688,keyboard,131,27429.7
2024-05-20,9,laptop,989,91478.0
2024-09-29,231,monitor,260,16908.9
2024-01-14,43,keyboard,339,26601.3
2024-01-20,952,keyboard,821,90730.2
2024-03-05,804,keyboard,480,60555.5
2024-07-27,486,mouse,304,13938.1
2024-05-07,740,monitor,729,20944.7
2024-03-03,208,monitor,366,41554.9
2024-04-02,88,monitor,648,46539.6
2024-02-12,916,laptop,14,70966.4
2024-07-07,104,mouse,943,66877.0
2024-03-06,765,keyboard,480,46717.0
2024-03-18,628,computer,415,12371.4
2024-08-03,603,monitor,953,86184.5
2024-08-01,90,mouse,899,30861.2
2024-05-09,561,mouse,641,71395.2
2024-09-14,192,computer,484,84439.3
2024-06-18,746,monitor,61,49859.0
2024-08-29,20,laptop,804,62884.5
2024-07-15,282,keyboard,694,20200.4
2024-08-24,83,laptop,216,75784.2
2024-04-08,499,mouse,195,67946.0
2024-09-06,997,laptop,829,50557.4
2024-07-28,470,laptop,232,10334.3
2024-03-15,125,keyboard,185,45966.3
2024-06-27,578,mouse,466,22275.2
2024-05-31,681,mouse,325,86809.5
2024-02-23,491,keyboard,302,99779.8
2024-02-11,997,mouse,669,98968.4
2024-08-24,911,laptop,756,37625.6
2024-02-25,339,mouse,747,68917.1
2024-05-21,108,laptop,466,61458.3
2024-03-02,679,laptop,774,15184.9
2024-04-03,237,laptop,141,69923.5
2024-03-27,62,keyboard,449,52673.6
2024-08-04,129,monitor,255,67385.5
2024-04-27,876,laptop,744,17962.9
2024-03-02,229,monitor,728,55708.8
2024-09-09,711,keyboard,676,90140.7
2024-04-21,169,laptop,582,91976.9
2024-07-17,53,keyboard,591,78643.0
2024-05-04,890,keyboard,289,49425.5
2024-07-10,635,keyboard,986,60633.8
2024-06-03,267,monitor,156,73675.8
2024-01-23,788,computer,611,25614.7
2024-01-08,634,laptop,375,7370.4
2024-08-20,607,computer,717,10856.4
2024-02-08,356,laptop,838,50250.3
2024-05-14,580,laptop,56,37301.5
2024-07-16,130,monitor,442,67068.8
2024-08-14,836,mouse,569,16235.0
2024-08-09,234,mouse,291,94452.9
2024-01-10,391,keyboard,861,71865.3
2024-06-15,584,mouse,257,41359.2
2024-03-11,832,computer,337,86611.2
2024-03-15,296,keyboard,627,33141.8
2024-07-20,334,laptop,433,28142.3
2024-09-18,931,keyboard,600,46910.1
2024-04-21,5,mouse,948,463.2
2024-01-01,288,mouse,420,41723.3
2024-07-04,698,monitor,137,69987.9
2024-07-29,753,computer,852,92912.3
2024-03-10,829,laptop,497,11136.1
2024-01-12,339,monitor,4,39490.1
2024-01-14,978,keyboard,66,61977.9
2024-02-10,744,mouse,757,99022.5
2024-01-08,408,mouse,577,22866.9
2024-05-31,523,keyboard,110,70459.1
2024-01-12,886,monitor,806,71208.8
2024-03-03,272,computer,900,58977.9
2024-06-09,321,keyboard,106,40102.1
2024-04-09,536,monitor,238,60129.4
2024-08-21,2,laptop,629,82225.0
2024-04-09,328,mouse,871,95487.9
2024-04-04,487,mouse,49,21411.3
2024-02-05,818,keyboard,226,14963.3
2024-09-15,826,mouse,350,88165.5
2024-06-11,480,mouse,889,80177.5
2024-08-29,357,monitor,416,26597.1
2024-08-12,948,keyboard,696,49691.3
2024-09-08,752,laptop,141,33636.4
2024-03-07,103,mouse,93,76449.7
2024-03-01,426,keyboard,274,71106.3
2024-06-19,583,keyboard,945,17103.6
2024-07-12,224,laptop,710,58484.8
2024-06-09,836,keyboard,973,92819.0
2024-06-15,714,monitor,888,46484.1
2024-05-18,577,keyboard,57,27554.9
2024-06-21,722,computer,781,6608.6
2024-05-10,116,computer,81,682.5
2024-09-30,948,mouse,834,64437.4
2024-07-11,585,computer,360,89080.3
2024-06-06,461,computer,206,49350.1
2024-03-05,891,mouse,845,69198.0
2024-08-05,992,keyboard,383,76688.6
2024-09-17,73,keyboard,206,76635.7
2024-01-03,196,keyboard,275,49516.3
2024-04-23,723,computer,794,99533.2
2024-06-17,847,laptop,638,98562.5
2024-01-24,508,laptop,98,29461.3
2024-09-10,430,mouse,318,6005.1
2024-03-19,546,mouse,498,25006.3
2024-02-18,426,computer,948,45335.7
2024-02-16,598,keyboard,369,4529.2
2024-05-18,919,mouse,545,56060.5
2024-06-22,372,mouse,704,42060.3
2024-04-04,901,keyboard,644,93510.7
2024-06-01,51,keyboard,153,55482.9
2024-08-19,750,monitor,453,63862.3
2024-05-28,905,computer,388,31086.3
2024-01-24,546,keyboard,457,3368.7
2024-05-28,587,computer,661,40708.1
2024-01-12,494,monitor,975,1739.4
2024-03-18,491,laptop,658,53286.4
2024-05-11,911,monitor,901,99044.8
2024-01-06,367,computer,32,96287.0
2024-05-16,687,monitor,399,33601.7
2024-08-07,763,computer,834,88515.5
2024-06-21,286,laptop,270,71456.8
2024-04-05,178,monitor,218,86004.5
2024-01-05,427,keyboard,257,19251.9
2024-06-01,455,monitor,599,67647.3
2024-04-22,162,computer,886,33008.4
2024-07-03,588,mouse,81,74406.5
2024-08-19,642,computer,965,50851.8
2024-07-02,835,laptop,557,73544.9
2024-02-27,574,keyboard,142,43215.3
2024-01-08,946,keyboard,257,8424.2
2024-04-03,380,laptop,496,13891.8
2024-08-05,209,monitor,35,75906.3
2024-06-03,348,keyboard,710,72871.7
2024-01-03,602,laptop,197,4186.5
2024-05-31,253,mouse,885,41101.1
2024-05-31,505,computer,341,30960.5
2024-08-30,100,keyboard,585,39915.3
2024-04-25,769,computer,448,59623.7
2024-09-03,710,computer,483,12375.4
2024-01-10,764,keyboard,30,87923.1
2024-09-17,491,keyboard,328,15960.0
2024-03-09,742,laptop,319,95833.0
2024-08-01,578,laptop,197,87533.9
2024-02-07,511,computer,477,12468.3
2024-03-02,568,keyboard,131,14299.5
2024-05-06,988,computer,455,14527.3
2024-07-11,741,computer,210,12570.3
2024-01-20,22,computer,783,10489.6
2024-06-20,623,laptop,948,426.6
2024-08-30,259,keyboard,364,3056.8
2024-04-14,261,mouse,455,2912.1
2024-08-22,910,mouse,207,39305.7
2024-05-16,116,laptop,62,94693.1
2024-04-03,398,keyboard,357,42435.8
2024-03-30,763,computer,640,27165.6
2024-09-17,857,laptop,722,64080.4
2024-02-10,788,keyboard,58,14856.0
2024-09-18,153,monitor,577,50181.1
2024-05-29,198,mouse,481,85729.7
2024-02-23,76,keyboard,210,63198.8
2024-02-05,569,laptop,912,8539.4
2024-09-03,321,monitor,35,97051.4
2024-09-02,170,computer,265,50028.9
2024-07-26,808,keyboard,101,54788.6
2024-01-28,786,laptop,932,7086.8
2024-03-12,339,computer,988,41504.5
2024-05-01,183,computer,946,87938.1
2024-05-10,720,laptop,375,98667.3
2024-08-02,874,keyboard,657,76532.6
2024-04-20,85,laptop,420,95147.2
2024-09-06,786,computer,283,74236.1
2024-02-10,828,computer,373,12087.7
2024-08-02,598,laptop,322,19918.6
2024-03-10,788,computer,549,9866.0
2024-02-25,696,monitor,990,28778.7
2024-07-20,257,keyboard,975,65928.0
2024-01-25,461,keyboard,891,53737.8
2024-01-26,512,computer,814,46439.7
2024-04-30,23,keyboard,576,93567.0
2024-03-26,951,monitor,185,52647.8
2024-03-02,651,computer,142,11751.9
2024-06-28,952,monitor,201,26921.5
2024-09-26,313,computer,469,71007.8
2024-02-25,580,monitor,129,88127.0
2024-03-24,340,mouse,93,43916.3
2024-02-17,528,laptop,44,39980.2
2024-02-25,609,mouse,713,49759.4
2024-03-07,25,monitor,405,1267.5
2024-09-02,924,computer,851,29077.7
2024-09-24,465,computer,853,20338.2
2024-09-28,736,laptop,796,27789.3
2024-08-30,652,mouse,681,46616.5
2024-08-10,694,monitor,122,74840.7
2024-03-02,720,monitor,691,10043.3
2024-03-29,633,keyboard,809,20969.8
2024-03-31,749,monitor,600,29977.3
2024-09-09,798,keyboard,37,82374.5
2024-01-22,51,laptop,31,91534.4
2024-08-07,449,computer,370,83119.1
2024-07-26,216,mouse,546,69687.8
2024-08-08,530,keyboard,681,6155.7
2024-02-02,37,keyboard,647,85300.7
2024-09-08,795,monitor,270,53420.3
2024-04-05,635,computer,284,36036.1
2024-07-03,505,monitor,131,73831.7
2024-07-21,204,computer,368,41573.1
2024-07-01,768,keyboard,454,14782.5
2024-04-14,489,computer,595,77881.4
2024-05-17,319,monitor,680,65020.2
2024-09-21,257,laptop,846,54127.5
2024-04-18,96,mouse,8,28878.2
2024-07-17,779,computer,640,10845.3
2024-04-14,9,mouse,474,17127.8
2024-07-19,753,monitor,610,14689.8
2024-08-21,357,computer,949,29576.2
2024-04-29,816,monitor,919,90172.4
2024-09-28,144,laptop,925,54206.6
2024-09-19,942,computer,143,71664.9
2024-08-23,415,keyboard,597,69402.7
2024-07-10,525,keyboard,197,60276.0
2024-09-01,159,laptop,105,75852.6
2024-08-03,448,laptop,89,46425.5
2024-06-14,702,laptop,927,9153.0
2024-09-30,974,keyboard,377,65345.1
2024-04-27,613,laptop,355,20299.5
2024-06-26,173,monitor,847,87944.8
2024-07-06,174,computer,301,41069.2
2024-03-04,79,computer,60,97240.5
2024-07-07,356,keyboard,735,46239.1
2024-05-23,190,monitor,937,95010.4
2024-05-06,808,laptop,107,24591.2
2024-06-05,166,mouse,708,91014.9
2024-09-17,630,keyboard,618,74381.8
2024-07-11,326,computer,631,34921.3
2024-06-14,734,laptop,366,69161.9
2024-07-27,992,computer,232,34931.5
2024-07-14,126,keyboard,505,19313.7
2024-07-11,828,laptop,66,47856.9
2024-07-21,673,laptop,479,96920.3
2024-09-04,460,keyboard,272,58185.5
2024-03-29,3,computer,195,12993.8
2024-09-19,670,mouse,386,19444.4
2024-01-16,181,computer,422,76915.1
2024-09-22,488,computer,577,6537.2
2024-03-18,925,mouse,428,69971.5
2024-02-26,949,mouse,223,55349.7
2024-04-20,211,mouse,619,49076.0
2024-04-19,894,computer,802,92127.4
2024-03-22,649,mouse,73,66555.5
2024-02-15,222,monitor,150,43182.1
2024-01-21,95,keyboard,501,92180.7
2024-04-07,801,mouse,252,49787.0
2024-04-01,494,laptop,165,4743.7
2024-07-23,50,computer,183,10159.3
2024-02-26,939,monitor,699,30017.4
2024-02-09,414,laptop,278,97862.2
2024-08-21,634,mouse,887,52063.8
2024-03-21,263,keyboard,615,24088.5
2024-04-10,649,computer,459,97608.5
2024-05-13,857,keyboard,724,30146.4
2024-09-15,482,laptop,116,37481.9
2024-01-07,798,monitor,99,98733.8
2024-08-25,383,laptop,695,51733.8
2024-09-24,26,mouse,88,99337.9
2024-08-29,312,mouse,252,51444.8
2024-07-21,803,mouse,640,28464.8
2024-02-27,527,monitor,929,28458.2
2024-09-28,362,mouse,898,29412.6
2024-03-20,364,laptop,253,99597.2
2024-08-05,324,laptop,322,39086.2
2024-06-23,602,monitor,195,20158.2
2024-03-11,328,computer,430,90415.8
2024-03-03,888,monitor,721,62948.6
2024-01-13,427,keyboard,982,22569.9
2024-04-03,609,monitor,933,52485.9
2024-01-18,245,laptop,836,8572.0
2024-06-17,630,computer,512,74604.2
2024-07-19,477,computer,365,8735.9
2024-03-21,882,laptop,813,83911.2
2024-07-15,187,computer,889,48910.1
2024-01-20,16,keyboard,481,92501.0
2024-09-16,70,monitor,756,17474.9
2024-02-10,97,computer,853,11292.0
2024-09-30,903,monitor,987,64181.7
2024-08-23,621,keyboard,735,30389.2
2024-07-07,663,keyboard,144,49201.1
2024-05-23,780,laptop,617,61005.9
2024-09-24,394,laptop,726,62167.8
2024-09-30,765,keyboard,948,88536.1
2024-01-30,561,laptop,537,79396.6
2024-05-17,780,laptop,817,33238.6
2024-01-08,936,monitor,642,9448.0
2024-05-01,848,computer,496,94734.3
2024-05-01,213,laptop,609,74451.2
2024-06-14,466,laptop,75,13232.8
2024-03-31,738,laptop,844,20247.0
2024-08-02,658,keyboard,901,51589.7
2024-09-24,147,keyboard,149,67197.7
2024-02-16,861,computer,713,27305.7
2024-03-08,17,mouse,95,83228.9
2024-01-21,90,laptop,429,22166.9
2024-02-20,536,computer,647,77421.0
2024-06-27,718,mouse,985,38155.8
2024-05-22,295,keyboard,210,66303.2
2024-03-15,880,keyboard,822,19604.5
2024-01-17,682,mouse,846,30920.3
2024-04-07,153,keyboard,620,24439.2
2024-01-21,319,keyboard,782,92769.9
2024-01-28,430,keyboard,306,27053.3
2024-07-27,984,monitor,899,46101.2
2024-02-09,925,monitor,443,43029.6
2024-03-01,756,laptop,621,17342.9
2024-03-24,186,laptop,603,43327.4
2024-09-24,166,laptop,832,37739.3
2024-08-13,98,mouse,616,60555.3
2024-08-20,909,laptop,377,67016.3
2024-02-15,249,monitor,33,51454.8
2024-07-07,693,computer,71,64856.5
2024-01-16,40,computer,42,92532.4
2024-06-19,566,keyboard,748,59921.5
2024-02-27,111,laptop,825,25568.7
2024-04-22,307,monitor,258,57556.0
2024-05-19,70,laptop,755,38714.5
2024-04-08,916,laptop,884,30838.6
2024-07-15,386,monitor,577,1622.6
2024-04-09,834,keyboard,472,33633.5
2024-06-09,693,mouse,124,83377.1
2024-02-07,861,computer,801,17230.3
2024-05-30,664,keyboard,6,29621.0
2024-01-22,74,monitor,491,13726.7
2024-06-05,702,computer,629,95983.5
2024-09-09,362,computer,156,50880.7
2024-08-22,203,monitor,567,6550.1
2024-05-14,358,laptop,632,53649.0
2024-06-30,424,monitor,978,46833.7
2024-08-13,486,mouse,683,46393.2
2024-04-10,173,computer,654,73611.1
2024-09-26,762,mouse,464,88791.2
2024-04-14,724,mouse,152,37978.0
2024-08-09,701,keyboard,206,45165.8
2024-01-28,63,laptop,323,6499.4
2024-07-20,795,laptop,366,82269.0
2024-02-02,336,computer,481,94693.8
2024-03-15,451,monitor,225,69097.5
2024-06-22,55,monitor,117,30623.0
2024-02-21,497,monitor,90,61663.3
2024-09-24,933,keyboard,879,52222.8
2024-04-22,713,mouse,141,15195.4
2024-03-08,524,monitor,202,99137.4
2024-05-11,757,monitor,637,68081.9
2024-08-12,124,monitor,149,95241.5
2024-05-02,32,monitor,800,33830.1
2024-01-07,957,computer,821,98637.3
2024-03-19,231,monitor,292,85314.9
2024-05-20,276,laptop,285,6025.9
2024-06-22,104,monitor,679,83121.6
2024-05-24,648,keyboard,552,44800.4
2024-07-02,346,laptop,816,91391.7
2024-01-07,47,laptop,480,74153.2
2024-06-17,784,monitor,837,57426.9
2024-05-09,314,keyboard,236,5263.4
2024-09-22,720,monitor,815,19914.8
2024-03-12,912,computer,358,20623.9
2024-03-26,531,monitor,795,78366.9
2024-05-04,156,computer,87,50535.4
2024-02-25,970,mouse,176,39572.6
2024-05-26,360,mouse,56,58618.6
2024-01-22,469,keyboard,452,12690.5
2024-02-15,971,computer,229,65585.0
2024-06-03,498,computer,315,5437.0
2024-03-26,500,laptop,912,61941.7
2024-01-05,701,computer,856,74891.6
2024-04-27,526,monitor,814,85860.9
2024-07-07,906,laptop,232,38177.7
2024-04-25,82,laptop,976,72380.7
2024-08-24,658,monitor,467,94828.8
2024-04-23,570,keyboard,347,45085.1
2024-03-06,672,mouse,4,76905.3
2024-04-19,194,mouse,881,77982.4
2024-08-04,199,laptop,592,56435.1
2024-01-15,803,mouse,449,63909.6
2024-01-08,140,monitor,768,10133.0
2024-08-22,787,laptop,47,87952.6
2024-02-20,17,laptop,251,33046.0
2024-02-23,445,monitor,132,94946.6
2024-07-27,366,monitor,162,10398.5
2024-02-26,976,keyboard,541,72371.3
2024-06-08,753,laptop,487,8360.8
2024-04-26,285,computer,532,10906.2
2024-02-20,718,mouse,778,54154.3
2024-07-24,916,computer,388,18097.6
2024-04-19,428,computer,865,20627.8
2024-09-22,99,keyboard,277,51400.4
2024-09-26,818,mouse,512,83889.4
2024-08-25,76,computer,31,87099.5
2024-01-23,697,keyboard,249,95127.9
2024-03-23,11,mouse,643,39786.8
2024-04-02,373,mouse,219,8643.9
2024-07-08,441,monitor,568,32163.0
2024-02-12,924,mouse,628,6927.9
2024-03-18,808,computer,636,9183.0
2024-01-06,242,mouse,443,46764.5
2024-06-16,972,keyboard,42,63419.2
2024-04-02,956,mouse,236,21978.5
2024-08-21,610,keyboard,795,78900.1
2024-04-14,73,laptop,909,52054.8
2024-04-07,416,laptop,484,28478.1
2024-09-21,345,keyboard,415,52107.1
2024-08-29,718,monitor,671,18512.5
2024-08-31,303,laptop,236,22245.7
2024-08-27,715,monitor,983,91459.6
2024-05-08,773,computer,777,25334.6
2024-04-20,591,keyboard,686,92617.5
2024-02-25,82,keyboard,732,42137.6
2024-09-13,991,mouse,191,87790.5
2024-02-19,883,monitor,502,36417.0
2024-08-07,289,keyboard,553,45214.0
2024-03-30,35,mouse,509,60679.2
2024-08-26,676,monitor,205,56185.8
2024-03-19,525,computer,526,17319.0
2024-07-05,689,laptop,595,95147.6
2024-02-01,77,computer,920,88435.1
2024-09-25,922,computer,103,17948.0
2024-03-10,918,laptop,648,93050.5
2024-07-25,767,monitor,205,5908.6
2024-08-16,234,keyboard,814,58078.4
2024-03-19,814,mouse,767,30486.3
2024-04-12,233,keyboard,163,77701.4
2024-04-29,156,keyboard,214,83580.1
2024-01-22,421,keyboard,268,81583.4
2024-01-30,769,laptop,94,32668.0
2024-04-14,585,monitor,375,12421.0
2024-05-01,2,monitor,623,60304.4
2024-03-12,752,computer,718,98233.2
2024-04-07,888,monitor,670,5009.1
2024-06-07,154,monitor,556,57371.7
2024-06-20,719,computer,567,66168.3
2024-03-24,844,laptop,230,12592.9
2024-07-15,348,computer,728,57442.4
2024-05-30,420,laptop,814,87822.0
2024-07-03,370,mouse,608,59117.9
2024-01-04,220,monitor,409,85126.6
2024-05-23,326,monitor,128,63726.2
2024-09-01,315,monitor,308,46847.7
2024-09-02,380,mouse,302,63583.5
2024-03-20,487,monitor,202,15419.8
2024-07-13,57,laptop,879,24044.5
2024-01-31,664,mouse,121,79454.4
2024-03-19,124,mouse,737,906.8
2024-04-19,486,keyboard,432,76274.1
2024-01-14,970,keyboard,289,20019.1
2024-08-24,959,monitor,257,99805.9
2024-08-19,315,keyboard,45,61346.1
2024-08-13,564,monitor,496,41181.3
2024-02-20,957,mouse,704,97235.0
2024-08-02,295,monitor,56,65466.8
2024-09-05,259,monitor,480,31557.0
2024-02-07,688,mouse,827,81081.1
2024-09-08,522,laptop,972,98576.2
2024-07-06,121,computer,717,55915.7
2024-08-09,348,keyboard,560,48310.4
2024-08-15,79,computer,585,39398.7
2024-09-01,267,mouse,880,97888.3
2024-06-23,856,monitor,905,7888.7
2024-03-16,680,mouse,629,48042.1
2024-08-08,763,mouse,878,56987.3
2024-07-08,360,computer,346,78515.8
2024-01-31,254,monitor,565,61973.3
2024-08-10,154,laptop,465,33256.3
2024-07-27,967,mouse,821,40594.9
2024-01-05,167,keyboard,964,62197.0
2024-07-28,104,laptop,832,36650.3
2024-05-19,381,computer,884,11227.1
2024-09-06,787,laptop,326,77945.7
2024-07-07,528,monitor,587,66587.7
2024-09-27,156,computer,994,34885.4
2024-01-09,607,laptop,654,42111.4
2024-07-14,922,monitor,723,60659.0
2024-07-25,450,monitor,220,99460.8
2024-09-16,336,laptop,283,64644.9
2024-05-30,226,mouse,793,75572.2
2024-05-23,598,monitor,489,30571.1
2024-09-04,593,computer,710,55682.2
2024-08-30,762,mouse,554,54798.1
2024-04-14,526,laptop,861,58176.1
2024-08-07,595,mouse,124,74264.2
2024-08-12,720,mouse,763,70066.8
2024-03-14,914,keyboard,605,30235.4
2024-01-16,408,monitor,735,21617.1
2024-02-15,823,keyboard,431,14121.3
2024-07-26,804,laptop,480,80535.7
2024-01-28,589,monitor,728,83168.8
2024-08-10,819,mouse,392,41795.1
2024-08-22,468,monitor,63,62919.6
2024-01-13,171,monitor,708,85603.8
2024-02-27,633,monitor,619,4527.9
2024-01-26,23,computer,816,76761.6
2024-05-22,324,computer,80,82364.5
2024-08-09,139,laptop,940,29711.9
2024-06-06,1,computer,633,3173.1
2024-08-27,131,monitor,311,45837.2
2024-06-03,154,laptop,230,5334.8
2024-07-23,914,keyboard,428,94460.3
2024-01-11,327,keyboard,64,56148.8
2024-04-13,952,computer,30,39847.1
2024-03-29,699,keyboard,293,39276.5
2024-06-18,952,laptop,350,38257.8
2024-03-29,149,mouse,2,94348.5
2024-09-29,118,mouse,828,37099.4
2024-08-24,720,computer,988,11716.9
2024-02-17,973,keyboard,5,50532.4
2024-05-23,993,mouse,615,73226.8
2024-06-02,595,computer,364,8716.9
2024-07-09,533,laptop,530,90709.0
2024-09-16,134,laptop,519,84518.0
2024-02-05,910,monitor,786,74632.8
2024-04-05,975,mouse,168,32707.3
2024-09-16,928,computer,660,7275.5
2024-02-24,441,keyboard,580,33997.7
2024-07-25,359,mouse,195,87053.2
2024-04-27,178,keyboard,348,8850.3
2024-07-10,142,keyboard,477,26491.5
2024-03-08,533,mouse,422,47522.3
2024-02-29,660,keyboard,893,4479.0
2024-04-09,999,monitor,868,88382.5
2024-07-12,574,monitor,566,78173.4
2024-08-16,544,computer,561,70663.0
2024-08-23,26,mouse,653,58267.0
2024-09-08,162,computer,352,90283.1
2024-03-09,608,computer,751,49431.9
2024-06-29,657,computer,553,38603.0
2024-03-14,510,mouse,733,39814.6
2024-05-08,816,monitor,128,10876.1
2024-05-26,648,computer,627,65683.0
2024-07-17,830,computer,669,25109.0
2024-07-23,426,keyboard,612,56354.9
2024-09-09,20,laptop,120,10546.3
2024-07-07,233,laptop,434,25034.0
2024-04-26,75,mouse,895,99171.1
2024-03-31,705,computer,632,83298.1
2024-05-04,788,laptop,408,68222.7
2024-02-10,775,computer,693,66778.5
2024-08-16,328,keyboard,534,39443.3
2024-08-16,550,mouse,958,23680.8
2024-02-13,171,laptop,37,32035.3
2024-03-19,891,mouse,565,13956.4
2024-05-17,521,monitor,484,78884.7
2024-02-14,408,computer,404,70644.2
2024-05-26,48,monitor,882,93628.9
2024-02-11,602,laptop,462,22183.3
2024-01-01,634,mouse,300,41184.2
2024-07-05,136,laptop,533,23195.6
2024-04-08,922,computer,83,88739.4
2024-07-08,18,mouse,318,31519.7
2024-04-19,307,keyboard,737,91119.7
2024-07-27,603,monitor,968,27602.5
2024-02-22,231,keyboard,985,96804.0
2024-06-22,615,keyboard,980,43316.4
2024-05-14,431,keyboard,919,89432.6
2024-09-23,903,computer,719,50763.4
2024-07-02,930,monitor,954,82814.0
2024-03-25,309,keyboard,493,29301.7
2024-04-07,146,monitor,423,87410.2
2024-09-16,660,monitor,321,59615.2
2024-06-18,661,laptop,87,9637.6
2024-05-21,725,computer,386,52215.5
2024-05-19,771,computer,15,75977.0
2024-01-03,400,mouse,612,28471.7
2024-02-18,587,keyboard,73,95265.4
2024-03-18,36,computer,69,75448.1
2024-08-10,703,monitor,849,52216.7
2024-01-25,754,laptop,381,73893.4
2024-05-23,119,keyboard,725,58378.5
2024-01-03,668,monitor,596,99914.8
2024-08-21,10,keyboard,491,74492.7
2024-01-20,981,laptop,627,14122.1
2024-02-18,15,laptop,423,6649.8
2024-03-23,103,keyboard,687,63545.1
2024-09-03,711,laptop,938,16616.2
2024-05-08,497,computer,452,53386.5
2024-04-17,373,keyboard,928,91880.7
2024-05-28,279,mouse,131,66582.2
2024-02-20,935,monitor,715,95624.1
2024-03-08,21,keyboard,417,62767.6
2024-07-04,717,laptop,6,58203.7
2024-01-08,491,computer,107,61652.6
2024-04-18,4,laptop,644,94620.1
2024-06-04,456,computer,411,21353.5
2024-05-22,265,computer,327,10699.3
2024-04-27,975,mouse,820,9689.1
2024-03-20,740,laptop,840,3315.2
2024-08-05,950,computer,127,95856.5
2024-08-28,664,keyboard,186,45811.4
2024-02-22,503,mouse,47,16449.2
2024-05-08,10,monitor,706,40280.5
2024-06-14,788,mouse,563,97836.1
2024-08-23,606,laptop,350,15856.8
2024-02-18,34,computer,839,40138.3
2024-02-04,434,keyboard,906,43011.9
2024-01-22,545,monitor,146,98892.7
2024-08-22,567,monitor,863,35409.2
2024-04-08,696,laptop,34,77430.9
2024-01-25,87,mouse,48,30960.8
2024-07-24,294,computer,13,24911.4
2024-02-17,385,computer,385,2615.9
2024-03-13,420,computer,881,18725.9
2024-05-13,200,monitor,968,44959.6
2024-06-06,864,keyboard,957,93772.0
2024-08-02,519,keyboard,820,56980.0
2024-09-16,170,mouse,883,22613.2
2024-05-10,495,computer,455,13931.0
2024-05-24,444,monitor,340,62205.1
2024-09-08,599,keyboard,579,42690.1
2024-08-03,135,computer,345,83813.7
2024-06-20,32,mouse,496,14002.9
2024-03-08,237,mouse,9,52254.7
2024-06-21,979,monitor,195,88154.6
2024-02-11,609,keyboard,839,94935.1
2024-09-21,900,mouse,142,91207.8
2024-09-02,725,mouse,800,71345.4
2024-01-16,142,keyboard,508,25465.8
2024-03-29,552,monitor,249,76979.7
2024-04-07,82,keyboard,930,45880.4
2024-02-18,141,monitor,64,43479.1
2024-06-28,733,laptop,883,19244.3
2024-06-29,108,mouse,908,86422.7
2024-07-12,713,laptop,851,38963.2
2024-06-07,645,mouse,503,10468.6
2024-05-25,467,computer,312,93252.6
2024-04-26,675,keyboard,382,9094.8
2024-08-01,119,mouse,173,26640.4
2024-01-03,324,monitor,591,25178.3
2024-08-18,150,monitor,860,6297.9
2024-04-26,971,monitor,385,9885.2
2024-04-20,297,laptop,440,90479.5
2024-09-29,755,mouse,507,7659.7
2024-02-17,349,monitor,606,37264.6
2024-09-02,980,monitor,718,1432.8
2024-04-14,214,laptop,918,96596.2
2024-07-13,12,laptop,878,77134.6
2024-03-26,597,computer,646,48180.0
2024-06-23,872,computer,79,76351.4
2024-03-12,489,laptop,373,64175.8
2024-03-28,415,monitor,376,26093.8
2024-06-19,510,computer,85,72627.8
2024-05-07,421,monitor,175,99165.2
2024-04-25,934,keyboard,644,65724.5
2024-05-19,719,laptop,474,8655.0
2024-08-05,776,mouse,707,56835.5
2024-02-10,850,laptop,601,54911.4
2024-06-23,59,laptop,417,7963.2
2024-07-24,109,mouse,79,21563.0
2024-09-08,895,computer,935,27734.2
2024-09-08,111,computer,558,31991.3
2024-05-03,987,computer,430,56260.7
2024-01-26,418,mouse,660,8438.8
2024-02-19,186,computer,823,12870.7
2024-09-22,469,laptop,428,63722.8
2024-09-22,243,laptop,105,74212.7
2024-02-10,137,monitor,290,81409.7
2024-08-06,731,computer,80,57505.9
2024-07-20,210,monitor,609,75902.3
2024-01-20,596,computer,444,90416.3
2024-06-26,995,keyboard,663,14149.3
2024-04-27,880,computer,7,57656.0
2024-05-17,396,monitor,310,91247.5
2024-02-11,567,mouse,967,58286.3
2024-06-11,596,mouse,954,87183.7
2024-08-11,695,keyboard,702,59056.1
2024-02-11,273,keyboard,44,69316.5
2024-03-05,65,monitor,863,2715.9
2024-01-07,568,monitor,702,45957.2
2024-08-07,837,monitor,672,99158.2
2024-06-22,424,mouse,652,37398.5
2024-07-15,362,laptop,185,3156.8
2024-06-16,568,monitor,167,44978.4
2024-06-11,8,laptop,295,42164.7
2024-06-13,816,mouse,461,3362.4
2024-08-01,793,monitor,687,60432.5
2024-09-14,727,laptop,911,54490.2
2024-02-06,416,laptop,536,85010.9
2024-06-01,606,computer,909,28063.9
2024-02-27,391,keyboard,863,90357.1
2024-01-10,355,monitor,364,84269.6
2024-04-22,659,laptop,620,56513.3
2024-09-18,972,laptop,13,21554.0
2024-09-22,212,keyboard,639,14137.6
2024-05-17,835,keyboard,757,98593.5
2024-01-31,9,keyboard,852,6547.9
2024-06-11,888,laptop,161,16315.6
2024-06-03,203,monitor,216,67353.1
2024-01-03,483,laptop,906,97238.0
2024-08-25,295,laptop,193,26706.9
2024-01-04,127,computer,850,66867.5
2024-08-26,665,laptop,583,62950.1
2024-01-25,151,laptop,928,49296.5
2024-07-10,596,mouse,643,16308.1
2024-01-31,310,mouse,420,44360.1
2024-08-01,839,laptop,620,90727.2
2024-03-09,366,computer,386,31103.6
2024-09-18,495,laptop,189,49381.0
2024-01-15,914,computer,717,51225.4
2024-08-26,758,monitor,830,22380.0
2024-09-13,945,laptop,530,45597.9
2024-09-20,51,mouse,446,40926.7
2024-06-12,151,laptop,529,56227.5
2024-07-03,229,computer,253,28335.2
2024-08-06,838,mouse,212,2462.3
2024-01-28,942,computer,54,62415.0
2024-04-18,385,laptop,843,64625.4
2024-08-28,205,mouse,192,60419.8
2024-04-03,424,keyboard,792,84856.5
2024-07-16,74,monitor,788,51498.9
2024-05-17,279,computer,319,12704.4
2024-04-28,666,monitor,431,1845.3
2024-03-27,930,keyboard,874,43314.3
2024-01-12,736,keyboard,524,49790.2
2024-06-10,995,mouse,545,98590.9
2024-04-11,962,laptop,608,85062.9
2024-05-29,421,monitor,998,27038.8
2024-09-13,685,laptop,951,23035.4
2024-08-29,317,mouse,160,93912.2
2024-08-06,915,mouse,350,15404.5
2024-04-25,338,keyboard,665,38017.7
2024-07-01,159,keyboard,579,50954.2
2024-01-27,82,mouse,725,40081.6
2024-07-18,970,mouse,882,42861.7
2024-09-12,727,computer,329,40946.5
2024-04-12,912,computer,650,74834.7
2024-07-05,588,monitor,350,79723.6
2024-08-22,480,mouse,390,84583.4
2024-01-25,793,computer,816,80261.8
2024-01-10,175,mouse,213,77106.3
2024-02-18,245,mouse,142,76525.1
2024-06-18,73,monitor,993,32419.2
2024-06-23,481,keyboard,593,13914.0
2024-07-10,937,monitor,253,26394.7
2024-01-25,186,computer,124,60195.6
2024-01-31,411,laptop,216,88448.5
2024-08-06,640,mouse,469,74081.9
2024-05-25,264,mouse,676,99654.4
2024-05-26,834,keyboard,167,66635.1
2024-01-23,894,laptop,40,21404.2
2024-03-30,495,monitor,387,57878.9
2024-03-30,109,keyboard,758,10142.7
2024-08-07,738,mouse,731,73963.1
2024-08-25,85,computer,537,39655.2
2024-05-21,459,keyboard,254,92032.9
2024-01-29,131,keyboard,202,58945.5
2024-08-25,984,keyboard,106,71252.2
2024-09-25,596,laptop,689,17545.0
2024-09-20,444,keyboard,1,63792.5
2024-01-16,650,computer,319,34502.5
2024-03-28,601,mouse,826,61592.6
2024-02-22,944,mouse,757,95450.4
2024-02-17,398,computer,253,48087.2
2024-01-20,105,keyboard,695,96563.5
2024-03-03,100,computer,723,44417.1
2024-06-28,357,monitor,864,49324.8
2024-05-11,377,computer,147,44302.6
2024-02-02,3,laptop,913,65887.2
2024-04-21,687,keyboard,715,53548.2
2024-06-06,777,keyboard,694,54297.8
2024-08-25,559,keyboard,753,27151.5
2024-06-26,773,mouse,488,59276.4
2024-09-22,23,keyboard,445,54843.4
2024-08-26,418,monitor,348,69624.9
2024-07-24,461,monitor,770,77693.4
2024-04-10,314,mouse,882,65035.2
2024-08-27,524,keyboard,100,87656.3
2024-09-01,87,computer,879,67891.4
2024-03-21,62,monitor,498,53438.1
2024-05-12,113,computer,556,61540.2
2024-05-31,464,laptop,483,7794.8
2024-04-12,540,keyboard,413,51556.2
2024-09-30,499,keyboard,423,75450.9
2024-03-23,277,mouse,611,54664.2
2024-02-16,645,mouse,547,35133.6
2024-06-28,69,monitor,88,16347.5
2024-08-28,219,computer,338,83431.1
2024-03-06,816,keyboard,89,35815.9
2024-01-01,286,monitor,416,63982.7
2024-03-12,608,computer,728,32596.5
2024-03-01,695,mouse,217,60403.0
2024-05-26,349,computer,696,16132.9
2024-06-22,714,keyboard,578,99676.0
2024-04-09,779,computer,514,94389.5
2024-09-21,868,computer,766,49752.5
2024-02-21,804,computer,871,91583.7
2024-06-16,622,keyboard,458,14337.1
2024-05-14,986,keyboard,760,21063.8
2024-04-30,978,computer,865,71563.2
2024-07-28,482,laptop,67,39519.3
2024-09-07,119,monitor,242,59333.0
2024-02-22,976,monitor,725,91323.3
2024-09-12,627,mouse,544,53180.9
2024-09-19,632,keyboard,508,78245.7
2024-05-20,202,mouse,129,30980.2
2024-04-18,445,mouse,938,33647.8
2024-04-13,750,laptop,815,80033.7
2024-05-03,479,computer,17,66400.0
2024-09-18,698,keyboard,944,93348.9
2024-04-07,208,laptop,757,41715.0
2024-02-08,801,monitor,651,91360.5
2024-01-05,546,laptop,145,29147.6
2024-02-09,590,laptop,863,22878.2
2024-04-17,46,mouse,461,77080.7
2024-03-02,527,mouse,109,37790.8
2024-04-10,300,laptop,888,81343.1
2024-09-06,838,keyboard,272,51338.0
2024-08-29,297,computer,221,36371.5
2024-03-03,830,monitor,194,68101.2
2024-05-13,418,keyboard,172,92185.8
2024-09-08,896,keyboard,854,89406.4
2024-08-14,799,computer,920,7135.2
2024-05-23,999,mouse,123,92380.1
2024-02-17,49,monitor,522,24183.5
2024-04-20,226,computer,83,15691.4
2024-08-17,927,keyboard,480,64573.2
2024-05-10,348,monitor,498,82061.0
2024-08-07,684,keyboard,423,92451.7
2024-04-03,671,laptop,154,50837.5
2024-04-13,501,mouse,412,21897.2
2024-09-18,556,monitor,91,22272.6
2024-08-07,432,mouse,106,14187.0
2024-04-14,710,mouse,545,41011.3
2024-05-08,899,monitor,206,56190.7
2024-08-07,761,laptop,855,66616.0
2024-06-08,719,keyboard,155,44381.6
2024-07-04,265,keyboard,849,66911.9
2024-02-20,425,mouse,97,27765.5
2024-09-22,925,mouse,855,69608.8
2024-01-14,528,monitor,746,61824.9
2024-09-15,964,monitor,635,12732.1
2024-06-27,612,computer,602,26798.2
2024-03-17,111,laptop,873,89486.9
2024-06-25,386,monitor,145,85222.0
2024-06-21,152,laptop,888,50963.3
2024-09-13,527,laptop,664,95406.4
2024-03-07,914,computer,930,14230.5
2024-05-27,61,monitor,855,21275.3
2024-02-28,257,computer,805,66462.0
2024-05-08,634,computer,611,53519.3
2024-04-30,89,monitor,207,10780.4
2024-03-19,687,laptop,983,41414.5
2024-01-02,602,mouse,247,65524.0
2024-05-10,515,keyboard,243,41560.6
2024-06-23,590,laptop,382,62719.6
2024-06-27,914,mouse,3,8011.7
2024-08-24,170,mouse,522,83117.1
2024-04-18,825,keyboard,752,88869.5
2024-09-27,729,mouse,269,72323.7
2024-06-21,711,mouse,218,99418.5
2024-08-08,274,computer,258,60099.5
2024-09-30,414,laptop,677,440.9
2024-02-11,18,computer,674,16522.5
2024-01-14,902,computer,190,72806.5
2024-02-12,29,mouse,582,41697.6
2024-05-04,951,mouse,402,60742.0
2024-03-09,5,laptop,98,1360.3
2024-04-10,190,keyboard,819,16331.8
2024-03-31,723,laptop,137,56031.6
2024-07-02,186,computer,940,76493.8
2024-09-13,76,monitor,344,97191.6
2024-05-07,252,keyboard,544,13631.3
2024-06-21,327,mouse,576,81381.6
2024-09-01,632,mouse,729,20061.7
2024-01-28,164,monitor,855,80320.9
2024-09-22,939,keyboard,695,95031.5
2024-01-01,59,computer,6,1926.9
2024-07-20,956,keyboard,208,35918.5
2024-03-14,728,laptop,889,78780.5
2024-06-22,57,mouse,430,35911.1
2024-04-18,759,monitor,325,48314.0
2024-02-27,594,computer,430,31989.7
2024-03-11,614,keyboard,901,68611.0
2024-07-25,854,laptop,957,94749.4
2024-06-28,137,mouse,950,3231.8
2024-03-18,714,mouse,283,123.1
2024-02-28,149,keyboard,949,77045.2
2024-08-27,960,mouse,273,13429.7
2024-06-11,308,mouse,423,49297.1
2024-03-18,830,monitor,846,29936.7
2024-03-18,170,computer,749,67110.5
2024-03-12,355,keyboard,535,77708.1
2024-09-12,415,computer,698,12750.8
2024-03-07,893,mouse,1,42959.9
2024-07-10,795,monitor,662,38431.7
2024-07-21,108,monitor,782,69953.7
2024-02-28,810,monitor,222,84045.2
2024-03-19,515,computer,272,68881.9
2024-09-24,49,monitor,169,76137.7
2024-09-19,202,laptop,766,51280.5
2024-05-15,466,laptop,777,26787.1
2024-03-06,861,laptop,17,27993.3
2024-09-29,266,monitor,731,94466.8
2024-09-20,241,monitor,850,34909.7
2024-02-09,83,laptop,556,65516.0
2024-03-28,487,computer,161,25514.5
2024-07-04,170,keyboard,378,56351.3
2024-03-30,226,laptop,290,42072.5
2024-04-27,725,monitor,176,9104.7
2024-02-08,632,laptop,493,3304.8
2024-02-06,507,monitor,673,90418.4
2024-07-14,229,computer,731,89288.0
2024-01-09,928,computer,712,85270.3
2024-01-22,470,mouse,157,23456.5
2024-09-15,384,laptop,437,46132.3
2024-03-28,223,computer,78,43564.7
2024-06-06,958,monitor,35,15328.9
2024-02-23,773,monitor,30,83249.2
2024-07-25,241,monitor,759,43735.0
2024-04-29,602,laptop,979,95461.4
2024-09-23,638,laptop,526,24460.2
2024-03-19,533,mouse,305,69061.9
2024-07-29,278,computer,129,38873.4
2024-05-07,29,laptop,605,41188.8
2024-04-22,796,monitor,538,15157.3
2024-04-22,66,mouse,484,49577.0
2024-04-28,443,laptop,769,59038.7
2024-05-01,216,laptop,720,79710.7
2024-07-21,564,computer,485,64267.6
2024-06-24,846,laptop,487,92921.9
2024-06-12,569,mouse,666,54716.9
2024-07-14,387,keyboard,671,37791.0
2024-01-28,609,mouse,668,94799.1
2024-06-30,907,computer,496,37078.5
2024-08-02,215,keyboard,402,72524.2
2024-04-25,200,keyboard,566,26918.5
2024-01-24,679,computer,479,57110.2
2024-06-27,549,computer,961,69463.4
2024-07-08,426,mouse,55,21804.1
2024-08-06,719,monitor,911,19269.1
2024-01-13,158,laptop,796,32313.9
